{"cameraMode":{"drawMode":0,"name":"Shaded","section":"Shading Mode"},"sceneLighting":true,"audioPlay":false,"sceneViewState":{"showFog":false,"showMaterialUpdate":false,"showSkybox":false,"showFlares":false,"showImageEffects":false,"showParticleSystems":false},"in2DMode":false,"pivot":{"x":-6.204946517944336,"y":16.27878189086914,"z":-12.321940422058106},"rotation":{"x":0.4653942584991455,"y":-0.5157739520072937,"z":0.4027844965457916,"w":0.5959590673446655},"size":27.994714736938478,"orthographic":true}