{"cameraMode":{"drawMode":0,"name":"Shaded","section":"Shading Mode"},"sceneLighting":false,"audioPlay":false,"sceneViewState":{"showFog":true,"showMaterialUpdate":false,"showSkybox":true,"showFlares":true,"showImageEffects":true,"showParticleSystems":true},"in2DMode":false,"pivot":{"x":4.668185710906982,"y":3.7987732887268068,"z":-5.546398162841797},"rotation":{"x":0.09375634044408798,"y":-0.008960609324276448,"z":0.0008442888502031565,"w":0.9955573678016663},"size":12.091591835021973,"orthographic":true}